ensemble_size,num_epochs,batch_size,lr,model_type,train_loss,val_loss,train_acc,val_acc
2,15,256,0.002,simple,"[1.5313557495876235, 1.024243245015339, 0.89376734896582, 0.81813368383719, 0.7514609676234576, 0.7013449459051599, 0.6505167275971296, 0.6188501993916473, 0.577580638686005, 0.5528077065032355, 0.5254601136762269, 0.492135085925764, 0.4708640508505763, 0.4404082038268751, 0.4242210199638289]","[1.1295150741934776, 0.9826653763651848, 1.0010577738285065, 0.8812053233385087, 0.849627336859703, 0.8578009188175202, 0.8219117775559426, 0.8367817237973213, 0.8638198137283325, 0.8025643587112427, 0.81128431558609, 0.825269664824009, 0.8340404987335205, 0.8640666529536247, 0.8394279435276986]","[48.236, 64.124, 69.092, 71.64, 74.092, 75.68, 77.602, 78.668, 80.162, 80.996, 81.844, 83.044, 83.706, 84.85, 85.344]","[60.08, 65.41, 65.97, 70.04, 71.0, 70.86, 72.03, 72.59, 71.79, 73.57, 73.57, 73.2, 72.91, 72.77, 73.58]"
2,15,256,0.002,complex,"[2.01047038667056, 1.6428039092190412, 1.4306001413841636, 1.2752986945668046, 1.162062975216885, 1.06876710878343, 0.9775833286801163, 0.9198216199874878, 0.8533394479629944, 0.7863592155733887, 0.7428284737528587, 0.6849318739711022, 0.6458384393125164, 0.6013042266879763, 0.5583321990407243]","[1.7740218997001649, 1.537663984298706, 1.3751976281404494, 1.2262262895703315, 1.2002684473991394, 1.13072712123394, 1.091356247663498, 1.1143393099308014, 1.0430023446679115, 1.1009052857756614, 1.1129139453172683, 1.119063524901867, 1.1520926907658577, 1.1613432228565217, 1.2642897754907607]","[20.388, 36.114, 46.862, 53.564, 57.846, 61.724, 65.404, 67.71, 69.678, 72.282, 73.658, 75.9, 77.12, 78.742, 80.394]","[28.98, 42.7, 48.69, 56.03, 56.75, 60.59, 61.99, 62.21, 64.52, 63.75, 63.1, 64.16, 64.33, 63.96, 63.27]"
