ensemble_size,num_epochs,batch_size,lr,model_type,train_loss,val_loss,train_acc,val_acc
4,15,256,0.002,batchensemble,"[5.940837350426888, 2.2017636183573277, 1.8007638363205656, 1.6466106997460734, 1.5529130192435519, 1.4749816345925233, 1.4185596047615519, 1.3630726598963445, 1.31666584039221, 1.2813999610287803, 1.2479528486728668, 1.218677172855455, 1.190421646955062, 1.1623392421372083, 1.139565951361948]","[1.8518291592597962, 1.586625537276268, 1.4707166850566864, 1.4242291688919066, 1.3585462629795075, 1.297908154129982, 1.258785679936409, 1.2315599083900453, 1.1804488807916642, 1.1509869366884231, 1.1238606095314025, 1.1146207928657532, 1.0760860651731492, 1.0693272083997727, 1.0536104515194893]","[25.144, 34.195, 39.299, 42.6495, 45.3455, 47.7935, 49.6515, 51.703, 53.272, 54.5215, 55.845, 56.8345, 57.919, 58.99, 59.8095]","[39.58, 44.14, 48.29, 49.51, 52.35, 53.76, 55.7, 57.03, 58.98, 60.08, 60.77, 60.77, 62.84, 62.4, 63.24]"
4,15,256,0.002,batchensemble_complex,"[4.42599217259154, 2.4511336367957446, 2.1246520353823293, 2.223356855767114, 1.8722653918120327, 1.6254510161828022, 1.4029882033260501, 1.1813452657388182, 1.0225832629568723, 0.899302064460151, 0.7900101858742383, 0.7082305079211995, 0.628931212486053, 0.5662386713891613, 0.5114820923428146]","[2.6551982164382935, 2.3991536676883696, 1.9758342504501343, 1.8965041160583496, 1.6983005285263062, 1.657295149564743, 1.2284549981355668, 1.0784161031246184, 0.9855455815792084, 1.0141773983836173, 0.7739145711064339, 0.8550772726535797, 0.7460312291979789, 0.7150476709008217, 0.689805144071579]","[11.809, 14.77, 20.5445, 22.1125, 28.2445, 37.8105, 48.0505, 57.037, 63.0985, 68.526, 72.707, 75.539, 78.2135, 80.565, 82.503]","[13.29, 18.11, 22.12, 29.27, 36.82, 38.74, 56.38, 61.37, 64.68, 66.13, 73.26, 71.16, 74.62, 76.71, 77.5]"
