ensemble_size,num_epochs,batch_size,lr,model_type,train_loss,val_loss,train_acc,val_acc
8,15,256,0.0002,batchensemble,"[18.619677091131404, 7.964798375051849, 5.729872058848946, 4.590114779618322, 3.8759230667231033, 3.3744003845720876, 2.9979859225604, 2.699245939449388, 2.4694400162112955, 2.2956799840440554, 2.1640509567698656, 2.063324819413983, 1.9850157304685943, 1.9215269179976717, 1.869790142896224]","[4.191928035020828, 2.924767965078354, 2.43618129491806, 2.1607213109731673, 1.9774478197097778, 1.8606678515672683, 1.76147922873497, 1.6970283299684525, 1.6529831111431121, 1.620048588514328, 1.5942472517490387, 1.5789618909358978, 1.5617724806070328, 1.5517662942409516, 1.5372579783201217]","[13.68075, 18.71425, 21.17375, 22.95675, 24.44725, 25.78625, 27.0265, 28.2275, 29.3135, 30.465, 31.58125, 32.77275, 33.80275, 34.83275, 35.8285]","[25.21, 30.5, 33.85, 35.74, 37.44, 38.15, 40.25, 40.78, 42.17, 42.49, 43.83, 44.58, 45.48, 46.09, 46.4]"
8,15,256,0.0002,batchensemble_complex,"[2.4306742518532034, 1.3182262504587368, 1.1224765522139413, 0.9479962523494448, 0.8450032463487314, 0.7308006931324394, 0.6515329279461686, 0.5513119068072767, 0.466064597118874, 0.3890526580567263, 0.3172341856573309, 0.2670317750652226, 0.2238868691635375, 0.17456217965453255, 0.17089738046788439]","[1.3143317222595214, 1.0592085272073746, 1.007781332731247, 0.9533326342701912, 0.8478764504194259, 0.791773809492588, 0.7536462917923927, 0.7849076122045517, 0.9781142815947532, 0.750054432451725, 0.7483627840876579, 0.9245811074972152, 0.9218782499432564, 0.7971923008561135, 0.7883968904614449]","[38.158, 53.3935, 60.7185, 66.85625, 70.519, 74.43375, 77.2855, 80.66875, 83.5735, 86.32825, 88.7645, 90.567, 92.0305, 93.78775, 93.9475]","[52.97, 62.91, 64.92, 66.33, 70.1, 71.54, 74.11, 73.37, 71.13, 75.37, 76.53, 73.67, 74.85, 77.79, 78.42]"