ensemble_size,num_epochs,batch_size,lr,model_type,train_loss,val_loss,train_acc,val_acc
2,15,256,0.002,batchensemble,"[6.383715387509794, 2.3640392976147786, 1.8631909623437999, 1.6717781959747782, 1.5489701798983984, 1.474730901572169, 1.401674275495568, 1.3445203839516153, 1.2974389207606414, 1.2513636083019024, 1.2130580310310637, 1.171000640307154, 1.142457293308511, 1.109031263358739, 1.0827499174950075]","[2.3078750729560853, 1.764474907517433, 1.5532007426023484, 1.4822638750076294, 1.3963804304599763, 1.340029326081276, 1.3005991160869599, 1.2920034617185592, 1.2271519362926484, 1.1981497943401336, 1.1703147739171982, 1.1690008103847505, 1.1382387772202491, 1.0773740112781525, 1.0644508093595504]","[27.103, 35.23, 40.118, 43.305, 46.353, 48.716, 51.023, 52.92, 54.437, 56.078, 57.501, 58.957, 59.894, 61.089, 62.041]","[37.22, 41.02, 46.16, 47.78, 50.41, 52.25, 54.01, 54.09, 56.57, 57.46, 58.85, 59.13, 60.21, 62.39, 62.56]"
2,15,256,0.002,batchensemble_complex,"[3.94951385016344, 2.5223598224776134, 2.187773051310559, 1.8920769886094697, 1.6892228059622707, 1.364705158131463, 1.0832834733383996, 0.9383522357259478, 0.8044105509714204, 0.6879208522791765, 0.599645950052203, 0.5220146880162005, 0.45842217273858127, 0.3960289497460638, 0.3396909672538845]","[3.391545683145523, 2.1695462584495546, 1.9400785207748412, 1.6954470574855804, 1.5089927047491074, 1.3844163507223128, 1.217411783337593, 1.0116306215524673, 0.855537062883377, 0.8284662067890167, 0.7870243549346924, 0.6530558161437512, 0.6748264476656913, 0.6308383859694005, 0.6716977432370186]","[13.389, 14.813, 19.889, 28.233, 36.573, 49.19, 60.889, 66.512, 71.402, 75.646, 78.913, 81.725, 84.018, 86.191, 88.137]","[15.44, 19.18, 24.68, 37.19, 44.65, 50.47, 56.04, 64.94, 69.8, 71.28, 73.14, 77.81, 77.12, 79.69, 78.4]"
