ensemble_size,num_epochs,batch_size,lr,model_type,train_loss,val_loss,train_acc,val_acc
8,15,256,0.0002,batchensemble,"[15.497209441905119, 7.327433741822535, 5.2279152383609695, 4.1622220776519, 3.511717385175277, 3.070426434886699, 2.7512072142289608, 2.511790614955279, 2.31989438193185, 2.1685529892541924, 2.0522671189843393, 1.9575189729126132, 1.881939093677365, 1.8224889204210164, 1.7742236889138514]","[4.337571835517883, 3.107226628065109, 2.5362001836299894, 2.1964481502771376, 2.001116159558296, 1.8556972473859787, 1.760063996911049, 1.6693075478076935, 1.6251833021640778, 1.577469563484192, 1.5442150086164474, 1.5209750324487685, 1.5153036624193192, 1.4931606471538543, 1.4792904645204543]","[15.59225, 20.72275, 23.65675, 25.55325, 27.10675, 28.47275, 29.75475, 30.9745, 32.1345, 33.41225, 34.5185, 35.63825, 36.80925, 37.805, 38.83875]","[27.98, 32.03, 34.79, 37.1, 38.18, 39.83, 41.17, 42.6, 43.62, 44.82, 46.07, 46.46, 46.72, 47.64, 48.17]"
8,15,256,0.0002,batchensemble_complex,"[2.402562078772759, 1.3012891892267733, 1.079807338057732, 0.9291889670552039, 0.8196615044559751, 0.7119659480391717, 0.621959025306361, 0.527099959552288, 0.43196746615730985, 0.35836262643641353, 0.3048848877755963, 0.2377160800506874, 0.21933340037963828, 0.17006593068339387, 0.1394646562711925]","[1.2942922949790954, 1.1064162984490395, 0.9797602206468582, 0.8438347578048706, 0.8734790161252022, 0.7394242584705353, 0.8820382177829742, 0.7779369637370109, 0.7755886539816856, 0.7308805495500564, 0.7268169939517974, 0.8198836371302605, 0.7904036223888398, 0.7988906159996987, 0.8264059364795685]","[38.16375, 54.029, 62.12425, 67.38, 71.354, 75.048, 78.21825, 81.5055, 84.76225, 87.339, 89.12675, 91.551, 92.15225, 93.951, 95.04775]","[53.96, 61.05, 65.37, 70.28, 70.13, 74.22, 69.81, 73.7, 75.45, 77.11, 77.51, 76.71, 78.05, 78.8, 78.18]"
