ensemble_size,num_epochs,batch_size,lr,model_type,train_loss,val_loss,train_acc,val_acc
2,15,256,0.002,simple,"[1.5868895649909973, 1.0498452150091833, 0.9141680665162145, 0.8213461868616999, 0.7658400152410779, 0.7253215319039871, 0.6676050795584308, 0.6294014668282197, 0.6060810458599305, 0.5670824636306081, 0.5475444196134197, 0.5116451630482868, 0.49096013742442035, 0.4665893644702678, 0.4405220617749253]","[1.3046622723340988, 1.0105590313673019, 0.938141742348671, 0.9514822989702225, 0.9072224453091622, 0.8614878624677658, 0.8578904390335083, 0.870643961429596, 0.8600062906742096, 0.8384088650345802, 0.8418371453881264, 0.9160165533423423, 0.8693777203559876, 0.8018766075372696, 0.8587977916002274]","[46.87, 63.152, 68.418, 71.528, 73.412, 74.872, 77.126, 78.18, 79.038, 80.344, 81.092, 82.51, 83.142, 84.038, 84.898]","[53.87, 65.01, 67.56, 67.84, 68.87, 70.53, 71.04, 71.17, 72.1, 71.8, 72.58, 71.49, 71.66, 74.11, 72.76]"
2,15,256,0.002,complex,"[1.9808632299608113, 1.6514555623336715, 1.4237181179377498, 1.2265621423721313, 1.100973694300165, 1.001758515530703, 0.9247958286076176, 0.8388705992577027, 0.7671832481817323, 0.7105932935160033, 0.6410365665749628, 0.5832377346802731, 0.5226185638077405, 0.4731474124959537, 0.42295596338048275]","[1.7506255477666854, 1.5696442514657973, 1.3196916162967682, 1.2062184005975722, 1.1092580810189248, 1.0766006991267205, 1.0742432653903962, 1.0561520352959632, 1.1536652967333794, 1.0753331750631332, 1.1240234822034836, 1.1631331369280815, 1.1967819720506667, 1.240293274819851, 1.2693092614412307]","[22.454, 35.334, 46.852, 55.708, 60.8, 64.55, 67.604, 70.516, 73.062, 75.136, 77.406, 79.528, 81.614, 83.324, 85.1]","[31.62, 40.12, 52.73, 56.75, 60.75, 62.52, 62.24, 64.07, 62.06, 64.63, 64.4, 64.31, 65.01, 64.67, 64.3]"
