ensemble_size,num_epochs,batch_size,lr,model_type,train_loss,val_loss,train_acc,val_acc
2,15,256,0.002,batchensemble,"[6.290611936121571, 2.30768037572199, 1.7985614550356963, 1.6036342589222654, 1.494153905887993, 1.4154428730205613, 1.3526893519625371, 1.3008124159306895, 1.2568871749907125, 1.2143775407148867, 1.1823898593381958, 1.1474936981590427, 1.1109213090064574, 1.0896672004339647, 1.0641751940153084]","[2.326612505316734, 1.7180908381938935, 1.5049862384796142, 1.3964839786291123, 1.3498846098780632, 1.2612602964043618, 1.2683600351214408, 1.20935088545084, 1.1640411287546157, 1.1523470133543015, 1.1462892040610313, 1.0918727859854698, 1.0681036815047265, 1.0561056300997733, 1.052044677734375]","[25.6, 34.672, 40.129, 44.515, 47.785, 50.402, 52.652, 54.402, 55.833, 57.303, 58.52, 59.845, 60.994, 61.932, 62.81]","[35.02, 40.57, 46.14, 49.86, 51.12, 54.88, 54.1, 57.03, 58.71, 59.27, 59.05, 61.41, 62.29, 62.85, 63.2]"
2,15,256,0.002,batchensemble_complex,"[4.283873240558469, 2.22117696854533, 1.8817761029515947, 1.542487033167664, 1.3232495292108886, 1.0816022531718623, 0.8982082246517649, 0.805986329609034, 0.6907696374216858, 0.6047793071793051, 0.5285975671544367, 0.4741310130576698, 0.40638444025297554, 0.343105459167641, 0.2994644070918463]","[2.3273491144180296, 1.9114230960607528, 1.787228098511696, 1.442864826321602, 1.3384519428014756, 1.015328548848629, 0.961439634859562, 0.8203304156661033, 0.9424845322966575, 0.6964809760451317, 0.6675509750843048, 0.6607248887419701, 0.7602946147322655, 0.6539966940879822, 0.6787713885307312]","[12.458, 18.531, 29.171, 42.583, 52.879, 61.63, 68.307, 72.017, 76.04, 79.108, 81.929, 83.691, 86.166, 88.076, 89.827]","[15.45, 24.79, 32.7, 47.99, 51.36, 64.42, 65.39, 71.29, 68.03, 76.7, 77.02, 78.02, 75.8, 79.24, 78.76]"