ensemble_size,num_epochs,batch_size,lr,model_type,train_loss,val_loss,train_acc,val_acc
4,15,256,0.002,batchensemble,"[6.037464078591794, 2.1406847262869078, 1.7750521393454806, 1.6240236163139343, 1.52223981947315, 1.4514974021181768, 1.3959140187623549, 1.3530029587599697, 1.3058425048176123, 1.2731733583674139, 1.2268861994451405, 1.1968095357320747, 1.1664739220726246, 1.1416009177966995, 1.1168059250529931]","[1.8110990583896638, 1.557965737581253, 1.4887247681617737, 1.396146884560585, 1.3204163193702698, 1.2801340848207474, 1.2619084864854813, 1.2396885931491852, 1.172627142071724, 1.139984205365181, 1.135100781917572, 1.1055029973387718, 1.085990172624588, 1.049098764359951, 1.0381904780864715]","[25.6675, 34.5275, 39.819, 43.2935, 46.476, 48.7725, 50.665, 52.1065, 53.7495, 54.9905, 56.6495, 57.7135, 58.852, 59.761, 60.6985]","[39.8, 44.46, 46.51, 49.81, 53.25, 54.01, 54.94, 55.98, 58.4, 59.91, 59.41, 61.38, 61.93, 63.24, 63.55]"
4,15,256,0.002,batchensemble_complex,"[3.890913082628834, 2.2131434247201804, 1.9754431740361817, 1.7168161625764808, 1.4953576715625063, 1.217508709856442, 1.0433021248603354, 0.865973174571991, 0.7608327248266765, 0.681096476711789, 0.6310867729539774, 0.5078825608504062, 0.45562212321223045, 0.38966108356811563, 0.3453560571129225]","[2.192332935333252, 1.9094395011663436, 1.8292257159948349, 1.5721980273723601, 1.4066526412963867, 1.0696583837270737, 0.9349888294935227, 0.8952392891049386, 0.9054767951369286, 0.8125977024435997, 0.6526365652680397, 0.7240979909896851, 0.5922136135399342, 0.596956630051136, 0.6749627202749252]","[13.6755, 18.476, 24.2315, 36.1245, 45.934, 56.683, 63.434, 69.7665, 73.7185, 76.9365, 78.7245, 82.446, 84.4825, 86.552, 88.243]","[21.58, 25.7, 30.15, 39.17, 47.65, 61.02, 66.15, 69.84, 69.12, 71.25, 76.69, 76.65, 80.06, 79.89, 78.87]"
