ensemble_size,num_epochs,batch_size,lr,model_type,train_loss,val_loss,train_acc,val_acc
8,15,256,0.0002,batchensemble,"[14.43307395370639, 6.702753864988988, 4.847088321131103, 3.8831367054764105, 3.271592590273643, 2.8449956300307293, 2.529226466101043, 2.2931518761479124, 2.126989006387944, 2.014544432868763, 1.9358496075990248, 1.8749314917593587, 1.8271857074328832, 1.7872795024696662, 1.7538480266016356]","[3.645768314599991, 2.668490415811539, 2.247099816799164, 2.0183265089988707, 1.8545187175273896, 1.750312951207161, 1.6719808608293534, 1.6291602492332458, 1.6103038311004638, 1.592402622103691, 1.5802608251571655, 1.5565429091453553, 1.5444640874862672, 1.5313532590866088, 1.5220379918813705]","[14.898, 19.47575, 22.2085, 24.268, 26.01325, 27.51425, 28.83075, 30.20425, 31.54175, 32.84, 34.06875, 35.25525, 36.39225, 37.40825, 38.381]","[27.25, 31.49, 34.05, 36.78, 38.53, 39.77, 41.2, 42.57, 42.87, 43.66, 44.04, 44.9, 45.78, 46.22, 46.49]"
8,15,256,0.0002,batchensemble_complex,"[2.4859104186904672, 1.3564377183816871, 1.1263809535576372, 0.983331139598574, 0.8658601669024448, 0.7511713942702936, 0.6573804434464903, 0.5529833446655955, 0.4939240542601566, 0.4082511493137905, 0.3392261402035246, 0.2718635618838729, 0.219297748895324, 0.20739139806555243, 0.17717023577769192]","[1.3801080852746963, 1.0943522304296494, 0.9920767083764076, 0.9797393828630447, 0.9711748629808425, 0.8245855674147606, 0.7817241191864014, 0.8452223092317581, 0.7612401068210601, 0.8586714699864387, 0.8500498071312904, 0.8739491373300552, 0.8732682764530182, 0.8594328045845032, 0.8587268039584159]","[37.6475, 52.1765, 60.458, 65.6185, 69.638, 73.72625, 76.96325, 80.6975, 82.61625, 85.6025, 87.96025, 90.3555, 92.23625, 92.576, 93.64425]","[50.82, 61.27, 65.59, 65.98, 66.76, 71.58, 73.45, 71.58, 75.02, 72.96, 74.36, 74.9, 75.41, 76.61, 76.98]"
