ensemble_size,num_epochs,batch_size,lr,model_type,train_loss,val_loss,train_acc,val_acc
2,15,256,0.002,batchensemble,"[5.9369436064544985, 2.2825913441424466, 1.8097036201126722, 1.6239451279445571, 1.5038181026371158, 1.4212931266852789, 1.3563425711223058, 1.3023896235592511, 1.2508253029414587, 1.2086694033778445, 1.1775833477779312, 1.141698076712842, 1.1069709391010052, 1.0858630465001475, 1.0539915668112891]","[2.2896569699048994, 1.7173138707876205, 1.5239760726690292, 1.411113479733467, 1.3701703995466232, 1.3106287747621537, 1.2707484871149064, 1.2345465272665024, 1.1873380810022354, 1.169704556465149, 1.120033323764801, 1.095738595724106, 1.076270367205143, 1.0558602333068847, 1.0256899058818818]","[27.442, 35.564, 40.605, 44.711, 47.96, 50.667, 52.69, 54.571, 56.44, 57.744, 58.969, 60.147, 61.389, 62.157, 63.278]","[36.46, 42.61, 47.24, 50.81, 51.51, 54.11, 55.13, 57.07, 58.69, 58.17, 60.55, 61.02, 62.2, 62.83, 63.94]"
2,15,256,0.002,batchensemble_complex,"[4.299422395472624, 2.552422193848357, 2.0462306287823893, 1.8609340178723237, 1.6016649926195339, 1.3210236570056604, 1.1002962920738726, 0.9751830049315278, 0.83970494629169, 0.7402897358548884, 0.6694734908488332, 0.5717160970884927, 0.5050736290155625, 0.44029683482890225, 0.4057308692409068]","[2.4444073140621185, 2.0306837439537047, 2.458636647462845, 1.6142362087965012, 1.4475479662418365, 1.1988034129142762, 1.0012429162859917, 0.9499318525195122, 0.8063001304864883, 0.7477052614092827, 0.7353834316134453, 0.664401362836361, 0.613105671852827, 0.7125437930226326, 0.8081664785742759]","[12.566, 14.548, 23.154, 30.356, 40.589, 51.612, 60.068, 65.381, 70.397, 74.21, 77.261, 80.362, 82.459, 84.879, 86.197]","[10.85, 21.49, 28.99, 40.63, 43.74, 56.09, 64.55, 65.77, 71.63, 74.03, 75.42, 76.98, 78.44, 77.72, 75.09]"
