ensemble_size,num_epochs,batch_size,lr,model_type,train_loss,val_loss,train_acc,val_acc
2,15,256,0.002,simple,"[1.5406082388089628, 1.0329546660793072, 0.8983845063010041, 0.8240309847252709, 0.7599740667002541, 0.7095720804467494, 0.6736731413675814, 0.628496161072838, 0.5999359023206088, 0.5690598255213426, 0.5394975996139099, 0.5137707884518468, 0.4977729087885545, 0.46828402213904324, 0.43575422176901174]","[1.2103202134370803, 0.9766115680336952, 0.9389920979738235, 0.8876773610711097, 0.8984225511550903, 0.8626797914505004, 0.8779967546463012, 0.80769684612751, 0.8599970325827598, 0.8221099674701691, 0.8718461900949478, 0.8440110370516777, 0.8867445766925812, 0.8957773253321648, 0.9522386386990547]","[47.846, 63.732, 68.89, 71.534, 73.86, 75.702, 76.892, 78.248, 79.256, 80.524, 81.574, 82.174, 82.832, 83.78, 85.18]","[57.79, 66.08, 67.87, 69.71, 70.23, 69.7, 70.05, 72.22, 71.23, 72.72, 72.54, 72.64, 71.5, 70.51, 70.52]"
2,15,256,0.002,complex,"[1.9539362976745682, 1.5721054886068617, 1.3711207715832456, 1.2022699884005956, 1.0815647518148228, 0.9900370088158822, 0.9127020717275386, 0.821432535137449, 0.7345454729333216, 0.6724058477854242, 0.5843112175257839, 0.5196773380953439, 0.46012443714604084, 0.4044691247447413, 0.34377995346273693]","[1.7846104025840759, 1.518320706486702, 1.394103729724884, 1.236883883178234, 1.1300550729036332, 1.138506919145584, 1.1151114836335183, 1.157217839360237, 1.1750546276569367, 1.1347755521535874, 1.2240670293569564, 1.375263985991478, 1.370673666894436, 1.4355851024389268, 1.6469528913497924]","[22.812, 39.086, 49.862, 56.68, 61.218, 64.624, 67.484, 71.064, 74.182, 76.308, 79.27, 81.51, 84.002, 85.892, 87.976]","[32.09, 43.48, 49.99, 55.32, 59.88, 60.63, 61.54, 61.63, 62.19, 62.5, 62.92, 62.48, 61.58, 62.09, 60.47]"
